{
    "numpy": {
        "total": 49.775577545166016,
        "mean": 0.9389449977874755
    },
    "gt:cpu_ifirst": {
        "total": 62.04574632644653,
        "mean": 0.06427968502044677
    },
    "gt:cpu_kfirst": {
        "total": 63.01111698150635,
        "mean": 0.0710662317276001
    },
    "gt:gpu": {
        "total": 131.97404837608337,
        "mean": 0.009670977592468261
    },
    "dace:cpu": {
        "total": 58.00994634628296,
        "mean": 0.07330922603607178
    },
    "dace:gpu": {
        "total": 164.11118721961975,
        "mean": 0.009799809455871581
    },
    "cuda": {
        "total": 115.01958703994751,
        "mean": 0.009275546073913574
    }
}