{
    "numpy": {
        "total": 55.01442885398865,
        "mean": 1.0362937211990357
    },
    "gt:cpu_ifirst": {
        "total": 62.69747757911682,
        "mean": 0.09415717601776123
    },
    "gt:cpu_kfirst": {
        "total": 62.039621114730835,
        "mean": 0.09120492458343506
    },
    "gt:gpu": {
        "total": 125.69079303741455,
        "mean": 0.010555901527404786
    },
    "dace:cpu": {
        "total": 57.067039251327515,
        "mean": 0.11086004734039306
    },
    "dace:gpu": {
        "total": 158.5617392063141,
        "mean": 0.010940108299255371
    },
    "cuda": {
        "total": 118.66501784324646,
        "mean": 0.010470995903015137
    }
}