{
    "gt:gpu": {
        "total": 127.83299350738525,
        "mean": 0.0005103683471679687
    },
    "dace:gpu": {
        "total": 153.82379794120789,
        "mean": 0.0005193805694580078
    },
    "cuda": {
        "total": 114.85405707359314,
        "mean": 0.0005018711090087891
    }
}