{
    "gt:gpu": {
        "total": 121.62248969078064,
        "mean": 0.0004624462127685547
    },
    "dace:gpu": {
        "total": 154.75967741012573,
        "mean": 0.00046677589416503905
    },
    "cuda": {
        "total": 117.01018738746643,
        "mean": 0.00044316768646240234
    }
}