{
    "numpy": {
        "total": 2.027987003326416,
        "mean": 0.005653424263000488
    },
    "gt:cpu_ifirst": {
        "total": 57.05279779434204,
        "mean": 0.0007354116439819336
    },
    "gt:cpu_kfirst": {
        "total": 57.16970205307007,
        "mean": 0.0007530879974365234
    },
    "gt:gpu": {
        "total": 125.30906581878662,
        "mean": 0.0005475473403930664
    },
    "dace:cpu": {
        "total": 50.71286129951477,
        "mean": 0.0006760072708129883
    },
    "dace:gpu": {
        "total": 153.32351851463318,
        "mean": 0.0005687856674194336
    },
    "cuda": {
        "total": 118.72445964813232,
        "mean": 0.0005460548400878907
    }
}