{
    "numpy": {
        "total": 2.0767698287963867,
        "mean": 0.0071366214752197265
    },
    "gt:cpu_ifirst": {
        "total": 57.896684408187866,
        "mean": 0.0012817621231079102
    },
    "gt:cpu_kfirst": {
        "total": 57.94727158546448,
        "mean": 0.0008654499053955078
    },
    "gt:gpu": {
        "total": 126.20876145362854,
        "mean": 0.0006064987182617188
    },
    "dace:cpu": {
        "total": 52.850205183029175,
        "mean": 0.002615542411804199
    },
    "dace:gpu": {
        "total": 159.8229353427887,
        "mean": 0.0006560277938842773
    },
    "cuda": {
        "total": 117.04366207122803,
        "mean": 0.0005788278579711915
    }
}